current_queue_length,staff_count,historical_throughput,is_holiday,weather_condition,predicted_wait_time_minutes,lower_bound,upper_bound
36,4,2.89,FALSE,rainy,50.9,43.3,58.5
34,6,2.92,FALSE,stormy,31.8,27.0,36.6
33,9,2.6,FALSE,clear,21.1,17.9,24.3
30,3,5.85,FALSE,stormy,28.0,23.8,32.2
13,4,2.76,FALSE,clear,17.5,14.9,20.1
29,7,5.39,FALSE,rainy,12.6,10.7,14.5
23,1,4.96,TRUE,cloudy,81.8,69.5,94.1
16,7,5.67,TRUE,stormy,8.0,6.8,9.2
44,8,2.01,TRUE,cloudy,48.9,41.6,56.2
11,8,2.69,FALSE,stormy,8.4,7.1,9.7
0,8,2.73,TRUE,stormy,5.0,4.2,5.8
9,2,4.79,TRUE,stormy,18.4,15.6,21.2
28,7,4.46,FALSE,cloudy,13.4,11.4,15.4
21,3,5.8,FALSE,stormy,19.8,16.8,22.8
41,4,4.77,FALSE,stormy,35.3,30.0,40.6
48,9,2.17,TRUE,sunny,44.0,37.4,50.6
18,3,5.09,FALSE,stormy,19.3,16.4,22.2
34,2,2.58,TRUE,clear,116.3,98.9,133.7
11,3,3.56,FALSE,rainy,16.8,14.3,19.3
31,8,4.19,FALSE,sunny,13.8,11.7,15.9
27,7,5.46,TRUE,clear,12.7,10.8,14.6
36,3,4.68,FALSE,rainy,42.0,35.7,48.3
11,10,2.17,FALSE,sunny,7.6,6.5,8.7
15,9,2.61,FALSE,cloudy,9.5,8.1,10.9
25,9,5.84,TRUE,cloudy,8.5,7.2,9.8
24,6,3.44,FALSE,rainy,19.1,16.2,22.0
20,8,3.25,FALSE,sunny,11.5,9.8,13.2
1,9,2.27,TRUE,clear,5.0,4.2,5.8
7,3,3.79,FALSE,sunny,9.2,7.8,10.6
30,1,5.03,TRUE,clear,105.3,89.5,121.1
44,1,2.59,TRUE,stormy,120.0,102.0,138.0
8,8,5.79,TRUE,cloudy,5.0,4.2,5.8
34,4,4.19,FALSE,cloudy,30.2,25.7,34.7
48,5,2.73,TRUE,sunny,62.8,53.4,72.2
9,10,3.73,TRUE,rainy,5.0,4.2,5.8
38,4,2.69,TRUE,stormy,69.3,58.9,79.7
15,6,4.98,FALSE,cloudy,7.5,6.4,8.6
12,4,2.59,FALSE,clear,17.2,14.6,19.8
11,4,3.99,TRUE,cloudy,12.3,10.5,14.1
17,6,3.04,TRUE,cloudy,16.7,14.2,19.2
5,8,3.14,TRUE,clear,5.0,4.2,5.8
31,4,5.67,FALSE,stormy,22.5,19.1,25.9
45,2,2.74,FALSE,sunny,120.0,102.0,138.0
29,3,2.11,FALSE,rainy,74.4,63.2,85.6
21,6,5.6,FALSE,cloudy,9.3,7.9,10.7
23,6,5.47,FALSE,stormy,11.5,9.8,13.2
15,9,3.03,TRUE,clear,9.9,8.4,11.4
10,6,4.75,FALSE,stormy,5.8,4.9,6.7
37,10,4.91,TRUE,clear,13.5,11.5,15.5
38,10,2.22,TRUE,clear,30.7,26.1,35.3
33,7,4.21,FALSE,cloudy,16.7,14.2,19.2
20,4,3.86,FALSE,rainy,21.2,18.0,24.4
7,9,4.74,TRUE,stormy,5.0,4.2,5.8
48,8,4.76,FALSE,rainy,20.7,17.6,23.8
10,4,2.6,FALSE,cloudy,14.3,12.2,16.4
34,7,2.73,FALSE,rainy,29.2,24.8,33.6
32,6,3.03,FALSE,clear,26.3,22.4,30.2
5,4,3.83,FALSE,rainy,5.4,4.6,6.2
22,9,5.49,TRUE,rainy,8.8,7.5,10.1
34,10,2.81,TRUE,cloudy,21.7,18.4,25.0
34,2,2.83,TRUE,stormy,116.9,99.4,134.4
41,9,3.56,TRUE,clear,23.0,19.6,26.4
27,9,4.13,TRUE,rainy,14.3,12.2,16.4
33,1,4.29,FALSE,stormy,120.0,102.0,138.0
4,4,2.68,FALSE,sunny,5.5,4.7,6.3
35,9,3.42,FALSE,clear,17.0,14.4,19.5
37,3,2.64,TRUE,sunny,83.0,70.5,95.4
48,6,2.34,FALSE,rainy,56.0,47.6,64.4
10,2,2.11,TRUE,stormy,45.8,38.9,52.7
19,5,2.25,TRUE,rainy,33.1,28.1,38.1
31,2,2.69,FALSE,clear,84.9,72.2,97.6
27,7,6.0,FALSE,stormy,10.6,9.0,12.2
11,5,4.82,FALSE,sunny,6.8,5.8,7.8
42,9,5.82,TRUE,sunny,14.4,12.2,16.6
50,1,3.97,FALSE,cloudy,120.0,102.0,138.0
16,9,2.47,TRUE,clear,12.9,11.0,14.8
5,3,2.3,TRUE,cloudy,12.9,11.0,14.8
12,6,5.0,FALSE,stormy,6.6,5.6,7.6
44,9,4.0,FALSE,rainy,20.1,17.1,23.1
38,7,2.91,FALSE,cloudy,27.8,23.6,32.0
16,3,3.82,FALSE,rainy,22.8,19.4,26.2
36,8,2.38,TRUE,sunny,33.9,28.8,39.0
23,6,3.85,FALSE,cloudy,14.9,12.7,17.1
33,3,2.91,FALSE,stormy,61.7,52.4,71.0
11,6,2.18,TRUE,cloudy,15.0,12.8,17.2
8,6,3.46,FALSE,stormy,6.3,5.4,7.2
19,1,5.94,TRUE,sunny,56.6,48.1,65.1
44,6,5.75,TRUE,stormy,25.2,21.4,29.0
44,6,3.1,FALSE,cloudy,35.3,30.0,40.6
14,3,4.34,FALSE,stormy,17.6,15.0,20.2
33,10,5.07,TRUE,cloudy,11.7,9.9,13.5
28,5,3.16,TRUE,clear,31.7,26.9,36.5
39,2,5.29,TRUE,cloudy,65.7,55.8,75.6
41,8,2.37,FALSE,cloudy,32.3,27.5,37.1
37,6,5.28,TRUE,sunny,21.0,17.8,24.1
4,3,5.74,FALSE,rainy,5.0,4.2,5.8
45,8,5.33,TRUE,cloudy,19.0,16.1,21.8
5,5,5.89,TRUE,stormy,5.0,4.2,5.8
47,2,3.68,FALSE,clear,94.5,80.3,108.7
36,2,4.74,TRUE,stormy,74.4,63.2,85.6
40,7,4.64,TRUE,sunny,22.1,18.8,25.4
40,8,2.21,TRUE,cloudy,40.5,34.4,46.6
34,1,3.34,FALSE,cloudy,120.0,102.0,138.0
19,1,2.91,TRUE,clear,113.6,96.6,130.6
12,7,4.37,FALSE,rainy,6.5,5.5,7.5
47,1,5.32,TRUE,sunny,120.0,102.0,138.0
26,10,5.18,TRUE,cloudy,9.0,7.6,10.3
17,8,4.98,TRUE,rainy,8.4,7.1,9.7
39,6,3.26,FALSE,cloudy,29.8,25.3,34.3
14,2,5.41,FALSE,sunny,19.2,16.3,22.1
22,2,2.73,TRUE,sunny,71.2,60.5,81.9
38,3,3.15,TRUE,sunny,71.6,60.9,82.3
48,3,4.08,TRUE,rainy,77.0,65.5,88.5
23,9,5.4,TRUE,stormy,9.4,8.0,10.8
44,2,5.81,FALSE,clear,56.3,47.9,64.7
44,1,4.31,FALSE,sunny,120.0,102.0,138.0
16,8,5.6,FALSE,clear,5.3,4.5,6.1
50,5,3.69,FALSE,clear,40.4,34.3,46.5
8,2,2.84,FALSE,rainy,22.8,19.4,26.2
8,10,4.25,TRUE,clear,5.0,4.2,5.8
37,1,4.0,FALSE,sunny,120.0,102.0,138.0
1,10,5.69,FALSE,clear,5.0,4.2,5.8
41,6,5.34,TRUE,sunny,23.0,19.6,26.4
45,10,3.95,TRUE,rainy,22.5,19.1,25.9
25,9,2.52,FALSE,clear,16.5,14.0,19.0
27,5,2.52,FALSE,stormy,35.1,29.8,40.4
31,4,3.62,FALSE,cloudy,31.9,27.1,36.7
44,10,4.41,TRUE,cloudy,17.9,15.2,20.6
35,9,4.09,TRUE,rainy,18.8,16.0,21.6
39,2,4.13,TRUE,rainy,92.4,78.5,106.3
22,7,2.83,TRUE,stormy,21.9,18.6,25.2
32,7,4.25,TRUE,clear,19.3,16.4,22.2
50,6,4.21,TRUE,cloudy,35.5,30.2,40.8
4,7,3.45,TRUE,sunny,5.0,4.2,5.8
34,5,2.19,TRUE,rainy,60.9,51.8,70.0
18,8,2.4,FALSE,clear,14.0,11.9,16.1
28,5,4.41,TRUE,sunny,22.8,19.4,26.2
23,8,4.44,TRUE,stormy,12.8,10.9,14.7
45,1,4.03,TRUE,sunny,120.0,102.0,138.0
1,4,5.93,TRUE,stormy,5.0,4.2,5.8
40,9,5.74,TRUE,stormy,15.3,13.0,17.6
28,4,2.63,FALSE,cloudy,39.5,33.6,45.4
34,2,4.35,TRUE,clear,69.5,59.1,79.9
1,7,3.74,TRUE,rainy,5.0,4.2,5.8
15,9,3.53,FALSE,cloudy,7.1,6.0,8.2
27,6,5.36,TRUE,clear,15.1,12.8,17.4
30,9,4.61,FALSE,cloudy,10.8,9.2,12.4
32,3,4.03,FALSE,cloudy,39.4,33.5,45.3
22,8,3.07,FALSE,clear,13.4,11.4,15.4
5,2,3.15,FALSE,sunny,11.7,9.9,13.5
31,6,4.38,FALSE,rainy,19.4,16.5,22.3
34,2,3.54,FALSE,cloudy,71.0,60.4,81.6
14,2,2.39,TRUE,clear,51.6,43.9,59.3
50,10,3.89,FALSE,rainy,21.2,18.0,24.4
33,4,4.56,TRUE,clear,32.4,27.5,37.3
10,9,5.32,TRUE,clear,5.0,4.2,5.8
38,5,4.88,TRUE,sunny,27.9,23.7,32.1
28,7,4.2,TRUE,sunny,17.1,14.5,19.7
48,5,3.65,FALSE,sunny,39.2,33.3,45.1
39,4,3.42,FALSE,cloudy,42.5,36.1,48.9
10,5,5.92,TRUE,stormy,6.7,5.7,7.7
5,1,2.82,TRUE,rainy,33.9,28.8,39.0
41,7,2.82,TRUE,clear,37.2,31.6,42.8
8,4,6.0,FALSE,stormy,5.5,4.7,6.3
40,7,3.29,TRUE,stormy,34.2,29.1,39.3
5,9,5.07,TRUE,cloudy,5.0,4.2,5.8
31,7,2.82,TRUE,cloudy,28.1,23.9,32.3
3,3,2.13,TRUE,sunny,8.3,7.1,9.5
47,3,4.46,FALSE,rainy,57.5,48.9,66.1
12,10,4.99,FALSE,clear,5.0,4.2,5.8
49,3,3.67,FALSE,clear,66.2,56.3,76.1
40,9,5.23,FALSE,sunny,12.7,10.8,14.6
43,4,3.59,FALSE,rainy,49.1,41.7,56.5
33,4,2.52,TRUE,cloudy,58.3,49.6,67.0
49,7,3.72,TRUE,rainy,37.1,31.5,42.7
45,6,5.85,TRUE,sunny,23.0,19.6,26.4
1,4,4.92,FALSE,stormy,5.0,4.2,5.8
36,8,2.94,TRUE,clear,27.4,23.3,31.5
1,1,2.97,FALSE,cloudy,5.0,4.2,5.8
27,4,3.81,FALSE,sunny,26.4,22.4,30.4
2,2,5.86,FALSE,stormy,5.0,4.2,5.8
47,6,4.6,TRUE,cloudy,30.5,25.9,35.1
36,5,5.72,TRUE,rainy,24.8,21.1,28.5
9,4,4.54,FALSE,rainy,8.1,6.9,9.3
28,9,3.18,TRUE,cloudy,17.5,14.9,20.1
21,6,2.92,FALSE,clear,17.9,15.2,20.6
40,9,2.14,TRUE,cloudy,37.2,31.6,42.8
47,5,2.66,FALSE,clear,52.6,44.7,60.5
26,1,2.47,FALSE,cloudy,120.0,102.0,138.0
31,10,4.87,TRUE,sunny,11.4,9.7,13.1
39,5,3.04,TRUE,rainy,50.5,42.9,58.1
31,9,2.39,TRUE,clear,25.8,21.9,29.7
22,9,3.6,TRUE,sunny,12.2,10.4,14.0
18,10,4.68,FALSE,cloudy,5.8,4.9,6.7
2,3,2.52,FALSE,rainy,5.0,4.2,5.8
1,9,4.61,FALSE,cloudy,5.0,4.2,5.8
4,1,5.79,FALSE,clear,10.2,8.7,11.7
47,2,4.3,FALSE,sunny,81.0,68.8,93.1
42,7,2.01,TRUE,sunny,53.4,45.4,61.4
2,8,2.9,FALSE,sunny,5.0,4.2,5.8
16,6,2.59,TRUE,cloudy,18.4,15.6,21.2
9,3,4.03,TRUE,rainy,14.6,12.4,16.8
6,10,4.69,FALSE,rainy,5.0,4.2,5.8
14,4,2.47,FALSE,clear,21.0,17.8,24.1
43,8,2.98,TRUE,stormy,35.6,30.3,40.9
4,5,3.57,TRUE,stormy,5.0,4.2,5.8
42,5,3.77,FALSE,rainy,36.6,31.1,42.1
31,2,3.09,FALSE,stormy,81.4,69.2,93.6
26,3,4.19,TRUE,clear,36.9,31.4,42.4
42,8,4.93,FALSE,clear,15.9,13.5,18.3
37,7,5.68,TRUE,clear,16.7,14.2,19.2
35,3,3.1,TRUE,stormy,73.7,62.6,84.8
2,1,5.58,FALSE,rainy,5.8,4.9,6.7
8,4,3.36,TRUE,clear,10.6,9.0,12.2
11,10,3.71,FALSE,sunny,5.0,4.2,5.8
41,9,3.16,FALSE,sunny,21.5,18.3,24.7
17,5,3.32,FALSE,cloudy,15.3,13.0,17.6
0,5,2.81,TRUE,rainy,5.0,4.2,5.8
9,2,4.86,TRUE,cloudy,16.5,14.0,19.0
10,3,2.12,FALSE,rainy,25.5,21.7,29.3
41,1,2.95,TRUE,sunny,120.0,102.0,138.0
11,4,2.63,TRUE,rainy,20.5,17.4,23.6
16,8,4.7,FALSE,sunny,6.4,5.4,7.4
8,6,3.7,TRUE,stormy,7.1,6.0,8.2
32,3,3.44,TRUE,rainy,60.8,51.7,69.9
36,7,4.0,TRUE,stormy,25.4,21.6,29.2
8,4,2.31,TRUE,sunny,15.4,13.1,17.7
28,9,4.37,FALSE,rainy,11.7,9.9,13.5
46,5,2.42,TRUE,stormy,74.7,63.5,85.9
31,7,4.86,FALSE,stormy,15.0,12.8,17.2
46,7,3.57,FALSE,clear,27.5,23.4,31.6
12,6,2.94,FALSE,sunny,10.1,8.6,11.6
11,8,5.37,TRUE,cloudy,5.0,4.2,5.8
46,8,3.08,TRUE,clear,33.5,28.5,38.5
41,2,4.74,TRUE,stormy,84.7,72.0,97.4
5,5,2.24,TRUE,clear,8.0,6.8,9.2
2,6,4.05,FALSE,sunny,5.0,4.2,5.8
4,9,2.54,TRUE,rainy,5.0,4.2,5.8
46,8,5.63,TRUE,rainy,20.2,17.2,23.2
1,6,5.49,FALSE,stormy,5.0,4.2,5.8
4,5,3.42,FALSE,rainy,5.0,4.2,5.8
13,2,5.49,FALSE,cloudy,17.6,15.0,20.2
22,5,3.84,FALSE,stormy,18.8,16.0,21.6
44,2,2.26,FALSE,clear,120.0,102.0,138.0
33,7,2.69,TRUE,rainy,34.5,29.3,39.7
30,6,3.58,TRUE,cloudy,25.0,21.2,28.7
22,8,4.82,TRUE,clear,10.2,8.7,11.7
27,10,3.19,FALSE,stormy,13.9,11.8,16.0
19,9,2.4,FALSE,stormy,14.4,12.2,16.6
34,9,2.12,FALSE,clear,26.6,22.6,30.6
45,4,2.59,TRUE,cloudy,77.4,65.8,89.0
14,4,5.11,TRUE,rainy,13.5,11.5,15.5
26,2,4.09,FALSE,rainy,51.8,44.0,59.6
13,3,4.92,FALSE,cloudy,13.1,11.1,15.1
5,1,2.76,TRUE,stormy,34.6,29.4,39.8
24,1,5.5,TRUE,clear,77.1,65.5,88.7
47,4,2.5,TRUE,sunny,83.8,71.2,96.4
8,5,3.76,FALSE,sunny,6.3,5.4,7.2
10,8,5.47,FALSE,clear,5.0,4.2,5.8
50,7,4.1,TRUE,rainy,34.4,29.2,39.6
46,4,5.55,FALSE,sunny,30.9,26.3,35.5
16,2,5.16,FALSE,cloudy,23.0,19.6,26.4
42,8,5.04,TRUE,clear,18.7,15.9,21.5
28,4,5.36,FALSE,cloudy,19.5,16.6,22.4
26,1,2.5,TRUE,rainy,120.0,102.0,138.0
27,10,5.84,TRUE,sunny,8.3,7.1,9.5
21,9,3.78,FALSE,clear,9.2,7.8,10.6
25,5,2.72,FALSE,sunny,27.4,23.3,31.5
38,7,2.03,TRUE,cloudy,47.8,40.6,55.0
1,5,4.44,TRUE,cloudy,5.0,4.2,5.8
23,3,5.68,FALSE,sunny,20.1,17.1,23.1
9,6,2.35,FALSE,rainy,10.5,8.9,12.1
41,7,4.9,TRUE,rainy,23.6,20.1,27.1
16,2,4.12,FALSE,rainy,31.7,26.9,36.5
44,3,3.64,FALSE,rainy,65.9,56.0,75.8
24,6,5.46,FALSE,cloudy,11.0,9.3,12.6
5,7,3.28,FALSE,rainy,5.0,4.2,5.8
0,1,5.62,FALSE,rainy,5.0,4.2,5.8
39,9,2.05,TRUE,cloudy,37.8,32.1,43.5
30,2,2.59,FALSE,rainy,93.8,79.7,107.9
20,10,3.74,TRUE,stormy,10.6,9.0,12.2
28,4,3.01,TRUE,sunny,41.5,35.3,47.7
30,10,2.64,FALSE,cloudy,17.0,14.4,19.5
13,1,4.27,TRUE,rainy,58.9,50.1,67.7
9,2,5.04,FALSE,rainy,14.6,12.4,16.8
27,8,5.09,FALSE,sunny,9.9,8.4,11.4
15,9,4.37,TRUE,cloudy,6.8,5.8,7.8
3,2,2.23,TRUE,rainy,13.0,11.0,14.9
19,2,5.08,TRUE,stormy,36.7,31.2,42.2
44,7,4.42,TRUE,rainy,28.1,23.9,32.3
25,4,3.85,TRUE,stormy,31.9,27.1,36.7
6,1,5.32,TRUE,stormy,21.9,18.6,25.2
14,9,3.63,TRUE,stormy,8.5,7.2,9.8
38,8,3.92,TRUE,clear,21.7,18.4,25.0
22,4,4.62,TRUE,rainy,23.4,19.9,26.9
48,4,2.37,TRUE,stormy,99.2,84.3,114.1
14,7,2.12,FALSE,clear,14.1,12.0,16.2
40,6,4.59,TRUE,stormy,28.7,24.4,33.0
7,7,3.42,TRUE,sunny,5.2,4.4,6.0
33,10,5.64,TRUE,rainy,11.6,9.9,13.3
36,6,2.65,TRUE,stormy,44.6,37.9,51.3
34,9,4.36,FALSE,sunny,13.0,11.0,14.9
46,9,3.68,FALSE,clear,20.8,17.7,23.9
49,2,5.24,TRUE,rainy,91.7,77.9,105.5
35,7,3.29,FALSE,sunny,22.7,19.3,26.1
35,9,2.29,TRUE,rainy,33.5,28.5,38.5
26,4,2.79,TRUE,clear,41.6,35.4,47.8
19,8,5.86,FALSE,sunny,6.1,5.2,7.0
17,4,3.92,FALSE,rainy,17.8,15.1,20.5
14,8,3.7,TRUE,stormy,9.3,7.9,10.7
11,5,5.99,FALSE,cloudy,5.5,4.7,6.3
33,7,3.56,TRUE,clear,23.7,20.1,27.3
27,3,5.04,TRUE,stormy,35.1,29.8,40.4
28,1,2.58,TRUE,cloudy,120.0,102.0,138.0
44,6,2.63,FALSE,clear,41.6,35.4,47.8
5,1,4.94,TRUE,clear,17.9,15.2,20.6
31,5,2.58,TRUE,cloudy,42.9,36.5,49.3
28,5,5.44,TRUE,cloudy,18.5,15.7,21.3
12,10,5.66,FALSE,rainy,5.0,4.2,5.8
47,3,4.04,TRUE,cloudy,69.2,58.8,79.6
20,8,2.51,FALSE,clear,14.9,12.7,17.1
5,10,2.89,FALSE,sunny,5.0,4.2,5.8
34,4,5.77,TRUE,sunny,26.4,22.4,30.4
37,2,3.73,TRUE,clear,88.1,74.9,101.3
13,2,5.0,FALSE,stormy,21.2,18.0,24.4
27,8,5.75,TRUE,sunny,10.5,8.9,12.1
2,1,2.52,FALSE,sunny,11.5,9.8,13.2
16,4,4.91,TRUE,rainy,16.0,13.6,18.4
15,10,2.92,FALSE,stormy,8.4,7.1,9.7
3,9,3.86,TRUE,rainy,5.0,4.2,5.8
31,10,2.73,FALSE,cloudy,17.0,14.4,19.5
13,5,3.11,TRUE,cloudy,15.0,12.8,17.2
3,1,3.78,FALSE,clear,11.6,9.9,13.3
17,1,3.68,TRUE,rainy,89.0,75.6,102.3
25,9,3.19,FALSE,sunny,13.0,11.0,14.9
5,8,2.13,FALSE,rainy,5.0,4.2,5.8
38,8,2.25,FALSE,cloudy,31.5,26.8,36.2
20,2,4.15,TRUE,stormy,47.1,40.0,54.2
35,2,4.28,TRUE,sunny,72.7,61.8,83.6
13,6,2.21,FALSE,sunny,14.6,12.4,16.8
23,10,4.81,FALSE,cloudy,7.2,6.1,8.3
20,2,3.63,FALSE,sunny,40.8,34.7,46.9
50,10,2.1,TRUE,cloudy,42.7,36.3,49.1
35,2,2.43,TRUE,stormy,120.0,102.0,138.0
47,8,5.35,FALSE,sunny,16.4,13.9,18.9
39,2,2.91,FALSE,clear,98.8,84.0,113.6
27,10,3.54,TRUE,sunny,13.7,11.6,15.8
23,8,5.87,TRUE,clear,8.8,7.5,10.1
29,10,3.13,FALSE,stormy,15.2,12.9,17.5
46,6,3.11,TRUE,cloudy,44.1,37.5,50.7
36,5,2.96,TRUE,sunny,43.5,37.0,50.0
46,4,5.48,TRUE,sunny,37.6,32.0,43.2
0,2,5.89,TRUE,cloudy,5.0,4.2,5.8
15,6,2.79,TRUE,rainy,17.6,15.0,20.2
2,5,5.69,FALSE,rainy,5.0,4.2,5.8
19,2,4.02,FALSE,clear,35.0,29.8,40.2
3,2,5.63,TRUE,clear,5.0,4.2,5.8
5,4,4.25,TRUE,sunny,5.3,4.5,6.1
41,6,3.04,FALSE,stormy,36.9,31.4,42.4
43,10,3.2,FALSE,cloudy,20.1,17.1,23.1
13,9,5.92,TRUE,cloudy,5.0,4.2,5.8
43,3,5.54,FALSE,rainy,42.4,36.0,48.8
11,8,4.75,TRUE,stormy,5.7,4.8,6.6
13,3,4.57,TRUE,stormy,18.6,15.8,21.4
26,3,4.29,FALSE,stormy,33.1,28.1,38.1
43,9,4.07,TRUE,cloudy,21.1,17.9,24.3
27,5,2.51,TRUE,clear,38.4,32.6,44.2
0,9,2.76,TRUE,clear,5.0,4.2,5.8
22,2,4.53,FALSE,cloudy,36.0,30.6,41.4
3,7,3.33,FALSE,cloudy,5.0,4.2,5.8
19,9,5.49,FALSE,sunny,5.8,4.9,6.7
4,8,5.22,FALSE,stormy,5.0,4.2,5.8
45,3,5.7,TRUE,cloudy,47.1,40.0,54.2
50,3,3.51,TRUE,rainy,93.1,79.1,107.1
23,7,4.77,FALSE,stormy,11.3,9.6,13.0
16,2,2.72,FALSE,cloudy,43.3,36.8,49.8
25,6,2.35,FALSE,rainy,29.0,24.6,33.3
48,2,2.55,TRUE,cloudy,120.0,102.0,138.0
46,1,4.88,TRUE,clear,120.0,102.0,138.0
49,6,3.49,TRUE,rainy,46.1,39.2,53.0
43,3,3.2,TRUE,cloudy,79.8,67.8,91.8
15,10,5.4,TRUE,sunny,5.0,4.2,5.8
41,3,2.66,FALSE,stormy,83.7,71.1,96.3
10,4,3.83,FALSE,sunny,9.7,8.2,11.2
22,7,2.97,TRUE,clear,19.0,16.1,21.8
40,5,5.26,TRUE,rainy,30.0,25.5,34.5
7,1,3.76,TRUE,clear,32.6,27.7,37.5
38,5,5.38,TRUE,cloudy,25.3,21.5,29.1
40,4,2.4,FALSE,rainy,68.0,57.8,78.2
32,7,3.97,TRUE,stormy,22.7,19.3,26.1
26,9,2.55,TRUE,cloudy,20.3,17.3,23.3
35,1,5.21,TRUE,cloudy,118.6,100.8,136.4
21,4,2.81,TRUE,rainy,36.7,31.2,42.2
35,2,3.51,FALSE,cloudy,73.7,62.6,84.8
26,3,3.08,FALSE,sunny,41.8,35.5,48.1
1,6,5.01,TRUE,sunny,5.0,4.2,5.8
40,9,4.37,FALSE,clear,15.2,12.9,17.5
43,3,5.7,FALSE,rainy,41.2,35.0,47.4
17,5,2.95,TRUE,cloudy,20.6,17.5,23.7
40,6,2.46,TRUE,clear,48.5,41.2,55.8
44,1,5.15,FALSE,cloudy,120.0,102.0,138.0
19,4,4.43,FALSE,stormy,17.6,15.0,20.2
16,2,4.48,TRUE,cloudy,31.8,27.0,36.6
21,6,4.37,TRUE,sunny,14.4,12.2,16.6
25,5,2.7,FALSE,clear,27.6,23.5,31.7
7,7,2.14,TRUE,sunny,8.4,7.1,9.7
13,3,2.47,TRUE,stormy,34.3,29.2,39.4
9,6,5.42,FALSE,stormy,5.0,4.2,5.8
37,2,4.51,TRUE,sunny,73.0,62.0,83.9
22,9,2.32,TRUE,rainy,20.8,17.7,23.9
47,2,4.03,FALSE,sunny,86.4,73.4,99.4
3,3,5.89,FALSE,rainy,5.0,4.2,5.8
26,3,5.72,TRUE,clear,27.1,23.0,31.2
2,4,3.69,TRUE,clear,5.0,4.2,5.8
14,6,2.43,TRUE,stormy,18.9,16.1,21.7
13,9,2.64,TRUE,cloudy,9.8,8.3,11.3
14,8,5.24,TRUE,clear,6.0,5.1,6.9
0,9,5.64,TRUE,rainy,5.0,4.2,5.8
35,10,3.83,TRUE,clear,16.4,13.9,18.9
50,6,5.27,TRUE,cloudy,28.4,24.1,32.7
38,1,5.25,TRUE,rainy,120.0,102.0,138.0
16,7,2.45,TRUE,sunny,16.7,14.2,19.2
30,2,2.86,FALSE,sunny,77.3,65.7,88.9
27,2,2.93,FALSE,cloudy,68.0,57.8,78.2
42,9,2.01,TRUE,sunny,41.6,35.4,47.8
1,10,3.97,TRUE,cloudy,5.0,4.2,5.8
32,7,2.01,FALSE,cloudy,33.9,28.8,39.0
50,8,3.4,FALSE,stormy,30.2,25.7,34.7
0,8,3.67,TRUE,clear,5.0,4.2,5.8
3,7,3.21,FALSE,cloudy,5.0,4.2,5.8
41,4,3.67,FALSE,sunny,41.6,35.4,47.8
38,5,5.51,FALSE,rainy,22.7,19.3,26.1
16,5,2.31,FALSE,stormy,22.7,19.3,26.1
2,7,5.95,TRUE,cloudy,5.0,4.2,5.8
46,3,2.24,FALSE,cloudy,101.2,86.0,116.4
5,8,5.51,TRUE,cloudy,5.0,4.2,5.8
34,3,4.98,TRUE,stormy,44.8,38.1,51.5
46,7,5.0,TRUE,rainy,25.9,22.0,29.8
40,10,4.24,FALSE,rainy,15.5,13.2,17.8
17,4,5.41,FALSE,stormy,12.9,11.0,14.8
3,5,2.72,FALSE,rainy,5.0,4.2,5.8
30,5,3.96,FALSE,cloudy,22.6,19.2,26.0
2,10,3.68,FALSE,stormy,5.0,4.2,5.8
21,8,5.51,TRUE,sunny,8.6,7.3,9.9
20,5,4.63,FALSE,rainy,14.2,12.1,16.3
29,7,3.13,TRUE,cloudy,23.7,20.1,27.3
13,9,5.16,TRUE,rainy,5.5,4.7,6.3
49,5,4.54,FALSE,stormy,35.5,30.2,40.8
35,9,2.06,FALSE,stormy,31.0,26.3,35.6
20,2,3.89,FALSE,cloudy,38.1,32.4,43.8
38,3,4.07,FALSE,clear,46.3,39.4,53.2
11,9,2.85,TRUE,clear,7.7,6.5,8.9
41,8,3.84,FALSE,cloudy,20.0,17.0,23.0
23,4,5.13,TRUE,rainy,22.1,18.8,25.4
3,2,2.71,FALSE,rainy,9.0,7.6,10.3
26,2,2.1,FALSE,sunny,90.7,77.1,104.3
13,9,3.04,TRUE,rainy,9.4,8.0,10.8
26,9,3.41,FALSE,rainy,13.9,11.8,16.0
1,9,4.68,TRUE,rainy,5.0,4.2,5.8
5,5,2.24,FALSE,stormy,7.3,6.2,8.4
24,1,5.3,FALSE,clear,66.7,56.7,76.7
38,6,3.29,FALSE,clear,28.7,24.4,33.0
46,6,5.37,FALSE,stormy,23.5,20.0,27.0
22,9,5.88,FALSE,cloudy,6.2,5.3,7.1
12,7,4.01,TRUE,clear,7.7,6.5,8.9
37,7,5.83,FALSE,clear,13.6,11.6,15.6
11,1,5.62,FALSE,rainy,31.7,26.9,36.5
31,4,4.64,FALSE,sunny,24.9,21.2,28.6
41,3,4.99,TRUE,sunny,49.0,41.6,56.3
39,1,3.07,TRUE,cloudy,120.0,102.0,138.0
0,8,3.41,TRUE,cloudy,5.0,4.2,5.8
23,7,3.2,TRUE,rainy,20.2,17.2,23.2
4,1,3.94,TRUE,sunny,17.8,15.1,20.5
21,2,3.66,FALSE,rainy,46.7,39.7,53.7
45,1,5.39,FALSE,sunny,120.0,102.0,138.0
50,5,4.73,TRUE,sunny,37.9,32.2,43.6
39,2,5.45,FALSE,clear,53.2,45.2,61.2
31,4,3.89,FALSE,stormy,32.7,27.8,37.6
27,4,3.24,TRUE,clear,37.2,31.6,42.8
50,4,2.23,FALSE,cloudy,83.1,70.6,95.6
22,1,2.42,TRUE,stormy,120.0,102.0,138.0
16,3,2.17,TRUE,stormy,47.9,40.7,55.1
15,3,4.55,FALSE,clear,16.4,13.9,18.9
44,8,5.23,TRUE,stormy,20.8,17.7,23.9
9,4,3.11,TRUE,rainy,14.2,12.1,16.3
33,2,4.69,FALSE,clear,52.2,44.4,60.0
17,3,2.12,TRUE,sunny,47.4,40.3,54.5
10,1,2.38,FALSE,stormy,66.5,56.5,76.5
0,9,3.93,TRUE,stormy,5.0,4.2,5.8
31,1,3.08,TRUE,clear,120.0,102.0,138.0
17,9,5.1,FALSE,clear,5.5,4.7,6.3
9,4,2.08,FALSE,clear,16.0,13.6,18.4
37,2,2.6,FALSE,clear,104.7,89.0,120.4
43,3,2.38,FALSE,cloudy,89.1,75.7,102.5
14,4,2.26,TRUE,rainy,30.3,25.8,34.8
2,1,4.85,FALSE,clear,6.1,5.2,7.0
34,2,4.7,FALSE,sunny,53.7,45.6,61.8
27,9,3.45,TRUE,sunny,15.6,13.3,17.9
34,10,3.19,FALSE,cloudy,15.9,13.5,18.3
38,9,3.92,FALSE,stormy,17.7,15.0,20.4
42,8,5.26,FALSE,sunny,14.9,12.7,17.1
20,2,4.21,FALSE,clear,35.2,29.9,40.5
10,2,2.1,FALSE,stormy,38.4,32.6,44.2
38,1,4.17,FALSE,clear,120.0,102.0,138.0
27,5,4.99,FALSE,cloudy,16.2,13.8,18.6
45,1,5.36,TRUE,cloudy,120.0,102.0,138.0
10,2,2.82,TRUE,cloudy,31.4,26.7,36.1
38,4,4.02,TRUE,rainy,46.5,39.5,53.5
36,4,2.86,FALSE,cloudy,46.8,39.8,53.8
24,10,2.54,TRUE,clear,16.9,14.4,19.4
22,2,4.25,TRUE,clear,46.0,39.1,52.9
13,1,5.45,TRUE,stormy,46.4,39.4,53.4
20,6,4.86,FALSE,sunny,10.3,8.8,11.8
31,3,3.23,TRUE,clear,57.0,48.4,65.5
14,7,3.64,FALSE,cloudy,8.2,7.0,9.4
31,6,3.16,TRUE,rainy,32.2,27.4,37.0
8,2,5.92,FALSE,cloudy,10.1,8.6,11.6
35,9,2.91,FALSE,sunny,20.0,17.0,23.0
16,2,2.67,TRUE,cloudy,52.9,45.0,60.8
21,4,3.24,TRUE,cloudy,28.9,24.6,33.2
27,10,4.81,TRUE,rainy,11.1,9.4,12.8
38,9,3.2,FALSE,clear,19.7,16.7,22.7
36,1,3.81,TRUE,stormy,120.0,102.0,138.0
44,2,5.65,FALSE,cloudy,57.9,49.2,66.6
13,3,2.8,TRUE,rainy,30.3,25.8,34.8
6,10,5.91,FALSE,stormy,5.0,4.2,5.8
50,7,4.2,TRUE,sunny,30.5,25.9,35.1
28,2,5.58,FALSE,stormy,41.0,34.9,47.1
10,9,5.11,FALSE,clear,5.0,4.2,5.8
27,4,4.39,FALSE,cloudy,22.9,19.5,26.3
39,8,5.09,TRUE,rainy,18.9,16.1,21.7
6,1,3.88,TRUE,clear,27.1,23.0,31.2
12,3,5.75,FALSE,stormy,11.4,9.7,13.1
38,7,5.54,FALSE,clear,14.7,12.5,16.9
3,4,3.69,FALSE,cloudy,5.0,4.2,5.8
26,3,4.6,FALSE,sunny,28.1,23.9,32.3
28,5,3.22,TRUE,cloudy,31.1,26.4,35.8
16,8,4.26,FALSE,rainy,7.7,6.5,8.9
20,2,2.74,FALSE,stormy,59.1,50.2,68.0
37,3,5.13,TRUE,clear,43.0,36.5,49.4
1,2,5.45,FALSE,rainy,5.0,4.2,5.8
48,3,3.39,FALSE,rainy,77.1,65.5,88.7
33,10,4.48,FALSE,rainy,12.1,10.3,13.9
34,3,2.86,FALSE,clear,58.8,50.0,67.6
11,10,3.04,TRUE,cloudy,6.5,5.5,7.5
6,6,4.84,FALSE,stormy,5.0,4.2,5.8
34,8,3.66,FALSE,stormy,19.1,16.2,22.0
5,1,5.09,TRUE,stormy,19.1,16.2,22.0
29,3,2.62,FALSE,sunny,54.6,46.4,62.8
0,3,3.19,TRUE,sunny,5.0,4.2,5.8
6,3,2.18,TRUE,cloudy,16.3,13.9,18.7
0,1,2.87,FALSE,stormy,5.0,4.2,5.8
26,7,4.73,FALSE,rainy,12.9,11.0,14.8
11,9,3.16,FALSE,rainy,6.4,5.4,7.4
41,1,2.88,TRUE,rainy,120.0,102.0,138.0
40,3,4.36,TRUE,stormy,60.1,51.1,69.1
12,5,2.8,TRUE,rainy,16.9,14.4,19.4
31,1,5.32,FALSE,clear,85.8,72.9,98.7
45,2,2.22,FALSE,sunny,120.0,102.0,138.0
50,6,2.33,FALSE,sunny,53.3,45.3,61.3
43,4,5.94,FALSE,stormy,29.7,25.2,34.2
37,10,2.74,FALSE,sunny,20.2,17.2,23.2
32,7,2.79,FALSE,rainy,26.9,22.9,30.9
28,2,3.57,TRUE,stormy,76.6,65.1,88.1
2,5,2.36,FALSE,rainy,5.0,4.2,5.8
32,8,3.18,TRUE,stormy,24.8,21.1,28.5
20,6,4.7,TRUE,clear,12.7,10.8,14.6
8,8,5.06,FALSE,sunny,5.0,4.2,5.8
7,10,4.23,FALSE,cloudy,5.0,4.2,5.8
17,6,4.03,TRUE,cloudy,12.6,10.7,14.5
39,2,3.52,TRUE,cloudy,98.3,83.6,113.0
26,10,5.35,TRUE,cloudy,8.7,7.4,10.0
42,8,3.58,FALSE,rainy,24.1,20.5,27.7
9,3,5.68,FALSE,rainy,8.7,7.4,10.0
50,9,4.25,FALSE,cloudy,19.6,16.7,22.5
46,7,4.23,FALSE,sunny,23.2,19.7,26.7
44,6,5.8,FALSE,clear,18.9,16.1,21.7
0,2,4.75,TRUE,stormy,5.0,4.2,5.8
16,4,5.93,FALSE,rainy,11.1,9.4,12.8
7,9,3.4,TRUE,sunny,5.0,4.2,5.8
11,7,5.56,FALSE,sunny,5.0,4.2,5.8
19,1,4.57,FALSE,sunny,61.0,51.9,70.1
5,3,4.3,TRUE,clear,6.9,5.9,7.9
11,7,2.87,TRUE,cloudy,9.8,8.3,11.3
16,9,3.22,TRUE,clear,9.9,8.4,11.4
14,5,4.27,FALSE,stormy,10.8,9.2,12.4
36,5,4.38,FALSE,cloudy,24.5,20.8,28.2
6,1,5.46,FALSE,clear,16.2,13.8,18.6
31,10,4.68,FALSE,stormy,10.9,9.3,12.5
3,7,4.2,TRUE,cloudy,5.0,4.2,5.8
10,6,2.34,TRUE,sunny,12.7,10.8,14.6
21,2,2.21,FALSE,rainy,76.7,65.2,88.2
34,6,3.92,FALSE,sunny,21.6,18.4,24.8
42,8,2.43,TRUE,rainy,42.6,36.2,49.0
42,10,4.63,FALSE,rainy,14.9,12.7,17.1
38,8,3.37,TRUE,rainy,27.8,23.6,32.0
33,9,4.55,FALSE,sunny,12.1,10.3,13.9
1,3,4.67,FALSE,clear,5.0,4.2,5.8
5,10,3.04,TRUE,rainy,5.0,4.2,5.8
15,6,4.31,FALSE,clear,8.7,7.4,10.0
37,10,5.89,TRUE,stormy,12.4,10.5,14.3
33,8,4.31,FALSE,sunny,14.3,12.2,16.4
32,3,5.69,FALSE,clear,28.0,23.8,32.2
2,8,4.03,FALSE,rainy,5.0,4.2,5.8
38,7,2.47,TRUE,sunny,39.3,33.4,45.2
34,6,2.37,FALSE,clear,35.6,30.3,40.9
20,6,2.29,TRUE,clear,26.0,22.1,29.9
16,9,2.14,FALSE,rainy,13.6,11.6,15.6
38,9,2.8,FALSE,cloudy,22.5,19.1,25.9
44,8,3.79,FALSE,clear,21.7,18.4,25.0
31,8,4.25,FALSE,cloudy,13.6,11.6,15.6
43,10,5.57,TRUE,clear,13.9,11.8,16.0
29,9,4.82,FALSE,clear,10.0,8.5,11.5
39,8,5.69,TRUE,rainy,16.9,14.4,19.4
37,5,4.74,FALSE,cloudy,23.3,19.8,26.8
23,3,3.77,TRUE,cloudy,36.3,30.9,41.7
35,1,5.97,FALSE,rainy,95.1,80.8,109.4
45,3,3.0,TRUE,clear,89.0,75.6,102.3
2,9,5.91,FALSE,rainy,5.0,4.2,5.8
32,7,4.96,TRUE,rainy,18.2,15.5,20.9
48,7,3.6,TRUE,stormy,37.6,32.0,43.2
19,8,3.76,TRUE,cloudy,11.3,9.6,13.0
3,8,3.62,TRUE,stormy,5.0,4.2,5.8
44,1,3.3,FALSE,clear,120.0,102.0,138.0
14,8,3.31,TRUE,cloudy,9.5,8.1,10.9
7,10,4.29,FALSE,stormy,5.0,4.2,5.8
34,2,5.6,TRUE,rainy,59.6,50.7,68.5
36,3,5.18,TRUE,sunny,41.4,35.2,47.6
13,3,2.41,FALSE,sunny,26.6,22.6,30.6
40,1,3.02,FALSE,cloudy,120.0,102.0,138.0
14,1,3.15,FALSE,stormy,71.1,60.4,81.8
23,8,5.58,TRUE,stormy,10.2,8.7,11.7
4,8,2.94,FALSE,clear,5.0,4.2,5.8
35,7,4.84,FALSE,sunny,15.5,13.2,17.8
27,3,5.84,FALSE,clear,23.0,19.6,26.4
44,8,3.99,TRUE,stormy,27.2,23.1,31.3
32,4,5.81,TRUE,sunny,24.7,21.0,28.4
43,9,5.01,TRUE,stormy,18.8,16.0,21.6
27,5,5.17,FALSE,stormy,17.2,14.6,19.8
46,1,3.75,FALSE,sunny,120.0,102.0,138.0
39,7,2.25,FALSE,clear,36.9,31.4,42.4
11,2,2.98,FALSE,stormy,30.0,25.5,34.5
37,2,5.24,FALSE,stormy,57.7,49.0,66.4
19,6,4.83,TRUE,sunny,11.8,10.0,13.6
7,6,4.86,TRUE,clear,5.0,4.2,5.8
14,1,4.44,FALSE,clear,46.3,39.4,53.2
9,5,5.93,TRUE,sunny,5.4,4.6,6.2
33,1,2.82,TRUE,rainy,120.0,102.0,138.0
44,4,2.74,TRUE,sunny,71.6,60.9,82.3
32,2,5.39,FALSE,sunny,44.1,37.5,50.7
14,2,5.8,TRUE,rainy,23.7,20.1,27.3
24,7,5.91,FALSE,cloudy,8.7,7.4,10.0
9,7,5.31,TRUE,rainy,5.0,4.2,5.8
27,5,4.63,TRUE,clear,20.9,17.8,24.0
24,8,3.79,FALSE,cloudy,11.8,10.0,13.6
47,2,2.83,TRUE,rainy,120.0,102.0,138.0
35,2,5.4,FALSE,rainy,53.0,45.0,60.9
34,7,4.86,TRUE,cloudy,17.9,15.2,20.6
48,1,5.86,FALSE,cloudy,120.0,102.0,138.0
27,4,3.2,FALSE,cloudy,31.4,26.7,36.1
3,6,2.61,FALSE,stormy,5.0,4.2,5.8
34,4,2.48,TRUE,stormy,67.2,57.1,77.3
33,1,4.44,FALSE,clear,109.0,92.6,125.3
10,4,2.32,FALSE,rainy,17.6,15.0,20.2
5,6,5.35,FALSE,stormy,5.0,4.2,5.8
13,10,5.16,FALSE,sunny,5.0,4.2,5.8
48,3,3.31,FALSE,clear,71.8,61.0,82.6
8,1,2.15,TRUE,sunny,64.0,54.4,73.6
37,3,4.22,TRUE,stormy,57.4,48.8,66.0
11,2,3.17,TRUE,cloudy,30.7,26.1,35.3
29,8,3.07,FALSE,sunny,17.6,15.0,20.2
31,10,2.67,FALSE,rainy,19.1,16.2,22.0
29,1,5.43,TRUE,rainy,103.8,88.2,119.4
39,10,4.65,FALSE,rainy,13.8,11.7,15.9
46,8,5.65,TRUE,rainy,20.1,17.1,23.1
43,9,5.62,TRUE,cloudy,15.3,13.0,17.6
10,6,4.81,TRUE,sunny,6.2,5.3,7.1
2,9,3.93,FALSE,cloudy,5.0,4.2,5.8
20,1,4.74,TRUE,cloudy,74.4,63.2,85.6
0,9,4.96,FALSE,cloudy,5.0,4.2,5.8
17,3,5.12,FALSE,cloudy,16.5,14.0,19.0
27,6,5.58,FALSE,sunny,12.1,10.3,13.9
23,1,5.81,TRUE,clear,70.1,59.6,80.6
17,5,4.47,FALSE,rainy,12.5,10.6,14.4
21,4,4.45,TRUE,rainy,23.2,19.7,26.7
36,10,3.73,FALSE,rainy,15.9,13.5,18.3
1,2,2.47,TRUE,sunny,5.0,4.2,5.8
43,2,5.48,FALSE,cloudy,58.3,49.6,67.0
4,5,4.8,FALSE,rainy,5.0,4.2,5.8
26,3,2.06,FALSE,clear,62.1,52.8,71.4
36,6,2.6,FALSE,cloudy,34.4,29.2,39.6
22,4,3.12,FALSE,rainy,28.9,24.6,33.2
2,10,4.16,FALSE,rainy,5.0,4.2,5.8
15,2,5.45,FALSE,stormy,22.5,19.1,25.9
36,4,3.07,TRUE,clear,52.3,44.5,60.1
18,8,5.82,FALSE,cloudy,5.8,4.9,6.7
8,2,5.85,TRUE,rainy,13.4,11.4,15.4
19,9,5.67,FALSE,rainy,6.1,5.2,7.0
23,9,5.98,TRUE,rainy,8.4,7.1,9.7
2,10,2.44,TRUE,clear,5.0,4.2,5.8
1,7,4.39,FALSE,cloudy,5.0,4.2,5.8
33,2,4.45,TRUE,stormy,72.6,61.7,83.5
28,1,5.74,FALSE,rainy,79.1,67.2,91.0
2,7,3.72,TRUE,stormy,5.0,4.2,5.8
12,9,3.67,TRUE,stormy,7.2,6.1,8.3
31,1,4.38,FALSE,clear,103.8,88.2,119.4
42,9,4.4,FALSE,cloudy,15.9,13.5,18.3
13,10,3.14,TRUE,clear,7.4,6.3,8.5
34,6,4.94,TRUE,rainy,22.6,19.2,26.0
9,6,3.55,TRUE,cloudy,7.6,6.5,8.7
22,4,2.72,FALSE,stormy,33.1,28.1,38.1
1,4,4.8,FALSE,clear,5.0,4.2,5.8
46,8,4.4,TRUE,cloudy,23.5,20.0,27.0
26,10,2.5,FALSE,clear,15.5,13.2,17.8
38,5,2.51,FALSE,clear,45.1,38.3,51.9
41,6,3.87,FALSE,cloudy,26.4,22.4,30.4
30,6,3.67,FALSE,clear,20.3,17.3,23.3
35,10,4.53,TRUE,clear,13.9,11.8,16.0
29,2,4.41,TRUE,sunny,58.5,49.7,67.3
40,1,2.53,FALSE,cloudy,120.0,102.0,138.0
41,4,4.01,FALSE,rainy,41.9,35.6,48.2
31,9,4.18,FALSE,sunny,12.3,10.5,14.1
22,10,4.73,TRUE,clear,8.4,7.1,9.7
5,9,4.72,TRUE,cloudy,5.0,4.2,5.8
40,3,3.71,FALSE,cloudy,53.4,45.4,61.4
2,10,2.86,TRUE,rainy,5.0,4.2,5.8
35,2,4.33,FALSE,sunny,59.9,50.9,68.9
12,1,2.18,TRUE,rainy,104.2,88.6,119.8
27,4,3.37,FALSE,sunny,29.8,25.3,34.3
11,2,4.85,FALSE,sunny,16.8,14.3,19.3
39,9,2.7,FALSE,cloudy,24.0,20.4,27.6
37,10,5.43,FALSE,sunny,10.2,8.7,11.7
18,3,5.63,TRUE,rainy,21.0,17.8,24.1
33,3,4.93,FALSE,stormy,36.6,31.1,42.1
2,8,5.16,TRUE,sunny,5.0,4.2,5.8
24,8,3.39,FALSE,clear,13.2,11.2,15.2
13,4,2.2,TRUE,cloudy,26.3,22.4,30.2
43,9,5.42,FALSE,sunny,13.2,11.2,15.2
48,7,3.79,FALSE,clear,27.0,22.9,31.0
42,2,2.09,FALSE,clear,120.0,102.0,138.0
36,6,3.04,FALSE,stormy,32.4,27.5,37.3
33,6,4.46,TRUE,stormy,24.3,20.7,27.9
32,3,5.37,TRUE,stormy,39.1,33.2,45.0
31,4,3.67,FALSE,rainy,34.6,29.4,39.8
29,3,5.56,FALSE,sunny,25.9,22.0,29.8
20,7,3.49,TRUE,cloudy,14.7,12.5,16.9
39,8,2.6,TRUE,sunny,33.6,28.6,38.6
14,6,4.36,TRUE,stormy,10.6,9.0,12.2
0,8,5.01,FALSE,sunny,5.0,4.2,5.8
11,2,2.1,TRUE,cloudy,46.0,39.1,52.9
14,8,2.49,FALSE,stormy,11.5,9.8,13.2
11,2,3.69,TRUE,clear,26.5,22.5,30.5
12,8,5.01,FALSE,clear,5.0,4.2,5.8
22,1,2.81,TRUE,sunny,120.0,102.0,138.0
10,1,3.17,TRUE,stormy,60.6,51.5,69.7
47,6,5.33,TRUE,stormy,29.0,24.6,33.3
0,5,4.46,FALSE,rainy,5.0,4.2,5.8
13,1,4.5,FALSE,cloudy,42.4,36.0,48.8
27,7,2.68,FALSE,sunny,21.5,18.3,24.7
47,1,2.11,FALSE,clear,120.0,102.0,138.0
18,5,5.38,FALSE,stormy,11.0,9.3,12.6
24,4,2.87,FALSE,cloudy,31.1,26.4,35.8
8,3,2.06,FALSE,clear,19.1,16.2,22.0
32,7,2.49,FALSE,stormy,30.1,25.6,34.6
26,7,3.24,FALSE,stormy,18.8,16.0,21.6
40,7,3.87,TRUE,cloudy,26.5,22.5,30.5
33,7,2.94,TRUE,stormy,31.6,26.9,36.3
31,4,2.37,TRUE,clear,58.2,49.5,66.9
31,4,3.36,FALSE,stormy,37.8,32.1,43.5
24,10,5.85,TRUE,cloudy,7.4,6.3,8.5
16,5,2.3,FALSE,cloudy,20.7,17.6,23.8
3,9,4.48,FALSE,stormy,5.0,4.2,5.8
48,9,5.83,FALSE,stormy,15.1,12.8,17.4
12,2,4.31,TRUE,stormy,27.2,23.1,31.3
15,9,2.99,FALSE,cloudy,8.3,7.1,9.5
8,10,4.86,TRUE,sunny,5.0,4.2,5.8
36,2,5.31,TRUE,sunny,60.4,51.3,69.5
16,6,3.04,TRUE,clear,15.7,13.3,18.1
6,5,3.26,TRUE,rainy,7.2,6.1,8.3
23,1,4.25,FALSE,cloudy,79.3,67.4,91.2
37,2,3.3,TRUE,clear,99.4,84.5,114.3
12,2,5.2,FALSE,stormy,18.9,16.1,21.7
12,7,4.22,TRUE,rainy,8.0,6.8,9.2
10,10,4.99,TRUE,rainy,5.0,4.2,5.8
17,9,5.82,FALSE,cloudy,5.0,4.2,5.8
21,10,3.6,TRUE,sunny,10.5,8.9,12.1
39,1,5.01,TRUE,sunny,120.0,102.0,138.0
22,8,4.11,FALSE,rainy,11.0,9.3,12.6
1,2,4.31,TRUE,stormy,5.0,4.2,5.8
36,3,3.76,TRUE,clear,56.9,48.4,65.4
36,8,3.44,FALSE,clear,19.6,16.7,22.5
49,3,5.15,TRUE,clear,56.7,48.2,65.2
43,10,3.71,FALSE,cloudy,17.3,14.7,19.9
45,9,5.4,TRUE,stormy,18.3,15.6,21.0
24,7,4.06,TRUE,clear,15.1,12.8,17.4
35,4,3.66,TRUE,sunny,42.7,36.3,49.1
22,2,2.82,TRUE,rainy,75.9,64.5,87.3
42,2,4.27,FALSE,sunny,72.9,62.0,83.8
18,6,4.68,FALSE,sunny,9.6,8.2,11.0
12,4,2.34,TRUE,clear,22.8,19.4,26.2
33,3,3.26,TRUE,clear,60.1,51.1,69.1
32,6,3.39,FALSE,stormy,25.8,21.9,29.7
8,2,3.66,TRUE,stormy,21.3,18.1,24.5
17,2,5.37,FALSE,sunny,23.5,20.0,27.0
5,2,4.32,TRUE,clear,10.3,8.8,11.8
24,7,2.94,FALSE,cloudy,17.4,14.8,20.0
9,6,5.65,FALSE,cloudy,5.0,4.2,5.8
50,9,2.04,TRUE,clear,48.8,41.5,56.1
11,6,3.88,TRUE,sunny,8.5,7.2,9.8
47,8,3.48,FALSE,clear,25.2,21.4,29.0
0,3,5.34,FALSE,rainy,5.0,4.2,5.8
13,3,5.05,TRUE,rainy,16.9,14.4,19.4
42,1,2.97,TRUE,cloudy,120.0,102.0,138.0
47,1,4.19,FALSE,cloudy,120.0,102.0,138.0
25,7,3.58,TRUE,cloudy,17.9,15.2,20.6
27,3,4.77,FALSE,sunny,28.1,23.9,32.3
27,1,3.33,TRUE,cloudy,120.0,102.0,138.0
32,9,3.32,TRUE,stormy,21.1,17.9,24.3
39,2,5.19,FALSE,stormy,61.4,52.2,70.6
6,9,2.72,TRUE,rainy,5.0,4.2,5.8
2,8,5.8,FALSE,clear,5.0,4.2,5.8
38,10,5.98,TRUE,sunny,11.4,9.7,13.1
44,6,5.1,FALSE,cloudy,21.5,18.3,24.7
6,4,4.45,FALSE,clear,5.0,4.2,5.8
39,10,3.61,FALSE,sunny,16.2,13.8,18.6
8,5,2.98,FALSE,stormy,8.8,7.5,10.1
16,10,2.21,FALSE,clear,10.8,9.2,12.4
7,3,5.79,TRUE,rainy,7.9,6.7,9.1
7,10,2.02,TRUE,clear,6.2,5.3,7.1
14,2,3.66,TRUE,clear,34.0,28.9,39.1
11,7,2.77,TRUE,clear,10.2,8.7,11.7
11,1,4.86,TRUE,sunny,39.9,33.9,45.9
46,8,4.01,FALSE,stormy,23.6,20.1,27.1
0,7,3.94,TRUE,rainy,5.0,4.2,5.8
20,4,5.36,TRUE,clear,16.7,14.2,19.2
46,2,2.47,FALSE,sunny,120.0,102.0,138.0
32,10,2.71,TRUE,rainy,23.3,19.8,26.8
30,10,5.9,FALSE,rainy,8.4,7.1,9.7
36,1,4.65,FALSE,rainy,120.0,102.0,138.0
9,8,4.43,TRUE,cloudy,5.0,4.2,5.8
21,9,4.91,TRUE,cloudy,8.5,7.2,9.8
29,2,5.67,FALSE,cloudy,38.0,32.3,43.7
23,1,5.44,FALSE,cloudy,62.3,53.0,71.6
18,7,3.46,FALSE,rainy,12.2,10.4,14.0
36,5,4.6,TRUE,sunny,28.1,23.9,32.3
50,4,2.41,FALSE,rainy,84.7,72.0,97.4
8,5,5.4,FALSE,clear,5.0,4.2,5.8
6,4,3.74,FALSE,stormy,6.6,5.6,7.6
35,8,2.57,TRUE,rainy,33.5,28.5,38.5
45,5,5.75,FALSE,cloudy,23.4,19.9,26.9
35,2,4.65,TRUE,stormy,73.7,62.6,84.8
30,9,5.15,FALSE,clear,9.7,8.2,11.2
45,7,2.26,FALSE,clear,42.4,36.0,48.8
22,8,2.46,TRUE,sunny,20.0,17.0,23.0
21,6,3.56,TRUE,stormy,19.4,16.5,22.3
16,10,2.18,FALSE,stormy,12.1,10.3,13.9
10,4,4.67,FALSE,stormy,8.8,7.5,10.1
44,9,3.84,FALSE,sunny,19.0,16.1,21.8
44,6,5.73,FALSE,sunny,19.1,16.2,22.0
1,4,3.55,TRUE,stormy,5.0,4.2,5.8
6,2,2.61,TRUE,sunny,20.3,17.3,23.3
23,7,5.01,FALSE,rainy,10.8,9.2,12.4
14,7,3.2,TRUE,clear,11.2,9.5,12.9
16,10,4.57,TRUE,stormy,6.9,5.9,7.9
22,3,3.67,TRUE,rainy,39.2,33.3,45.1
45,10,2.74,TRUE,sunny,29.5,25.1,33.9
36,9,2.74,FALSE,sunny,21.8,18.5,25.1
34,10,2.06,FALSE,rainy,27.1,23.0,31.2
4,5,5.58,TRUE,clear,5.0,4.2,5.8
30,1,5.39,FALSE,stormy,90.2,76.7,103.7
37,1,3.05,FALSE,cloudy,120.0,102.0,138.0
3,8,3.85,FALSE,cloudy,5.0,4.2,5.8
46,5,4.49,FALSE,sunny,30.6,26.0,35.2
15,2,2.95,TRUE,stormy,49.5,42.1,56.9
18,10,3.11,TRUE,sunny,10.4,8.8,12.0
39,4,2.34,TRUE,rainy,81.6,69.4,93.8
19,10,3.53,TRUE,rainy,10.6,9.0,12.2
12,9,5.94,TRUE,stormy,5.0,4.2,5.8
25,1,4.75,TRUE,sunny,92.8,78.9,106.7
38,5,4.85,TRUE,cloudy,28.1,23.9,32.3
24,8,2.97,FALSE,sunny,15.1,12.8,17.4
19,3,5.9,TRUE,clear,19.2,16.3,22.1
40,6,5.63,TRUE,sunny,21.3,18.1,24.5
50,2,5.7,FALSE,clear,65.2,55.4,75.0
49,7,4.3,TRUE,clear,29.2,24.8,33.6
26,3,3.55,FALSE,sunny,36.3,30.9,41.7
37,1,4.04,FALSE,stormy,120.0,102.0,138.0
40,6,2.8,FALSE,cloudy,35.5,30.2,40.8
45,9,3.2,TRUE,rainy,30.8,26.2,35.4
9,7,5.08,TRUE,sunny,5.0,4.2,5.8
27,7,4.66,TRUE,rainy,16.3,13.9,18.7
49,1,5.57,TRUE,rainy,120.0,102.0,138.0
0,7,5.79,TRUE,rainy,5.0,4.2,5.8
22,7,3.73,FALSE,cloudy,12.6,10.7,14.5
10,8,4.38,TRUE,rainy,5.6,4.8,6.4
32,9,2.38,TRUE,clear,26.8,22.8,30.8
5,2,3.69,FALSE,stormy,11.0,9.3,12.6
39,8,5.54,FALSE,stormy,14.5,12.3,16.7
45,6,2.86,TRUE,rainy,51.6,43.9,59.3
23,5,2.87,TRUE,cloudy,28.7,24.4,33.0
6,4,3.04,TRUE,stormy,9.7,8.2,11.2
14,1,2.65,FALSE,sunny,76.4,64.9,87.9
3,1,3.41,FALSE,rainy,14.1,12.0,16.2
26,5,5.01,FALSE,rainy,17.1,14.5,19.7
1,7,4.25,TRUE,stormy,5.0,4.2,5.8
38,4,2.63,TRUE,clear,64.4,54.7,74.1
36,4,4.96,TRUE,stormy,35.7,30.3,41.1
36,5,5.47,FALSE,sunny,19.7,16.7,22.7
19,2,4.47,FALSE,cloudy,31.5,26.8,36.2
29,5,3.96,FALSE,cloudy,21.9,18.6,25.2
21,8,4.96,FALSE,cloudy,7.9,6.7,9.1
5,9,5.15,TRUE,stormy,5.0,4.2,5.8
43,8,4.92,TRUE,cloudy,19.6,16.7,22.5
4,7,4.54,FALSE,clear,5.0,4.2,5.8
15,3,2.9,FALSE,clear,25.6,21.8,29.4
28,8,4.01,FALSE,rainy,14.4,12.2,16.6
17,5,2.72,TRUE,rainy,24.6,20.9,28.3
43,7,5.08,TRUE,stormy,23.9,20.3,27.5
34,8,2.43,FALSE,cloudy,26.1,22.2,30.0
4,10,5.36,FALSE,cloudy,5.0,4.2,5.8
24,6,5.65,FALSE,sunny,10.6,9.0,12.2
42,8,4.48,FALSE,rainy,19.3,16.4,22.2
43,10,2.65,TRUE,rainy,32.0,27.2,36.8
35,9,4.73,FALSE,stormy,13.5,11.5,15.5
38,9,2.31,TRUE,sunny,32.7,27.8,37.6
46,2,2.87,FALSE,sunny,118.2,100.5,135.9
34,4,3.93,TRUE,clear,38.7,32.9,44.5
48,8,2.68,FALSE,cloudy,33.4,28.4,38.4
23,4,3.83,FALSE,sunny,22.4,19.0,25.8
48,2,5.56,TRUE,stormy,84.7,72.0,97.4
43,10,3.02,FALSE,clear,21.3,18.1,24.5
26,5,4.6,FALSE,clear,16.9,14.4,19.4
35,1,3.59,TRUE,rainy,120.0,102.0,138.0
20,8,2.04,TRUE,sunny,21.9,18.6,25.2
26,1,4.72,FALSE,cloudy,80.9,68.8,93.0
10,8,4.92,FALSE,stormy,5.0,4.2,5.8
11,5,5.46,FALSE,sunny,6.0,5.1,6.9
28,3,3.36,FALSE,rainy,45.4,38.6,52.2
50,2,5.29,FALSE,cloudy,70.2,59.7,80.7
15,4,2.26,TRUE,clear,29.5,25.1,33.9
12,3,2.56,TRUE,cloudy,27.8,23.6,32.0
50,8,2.3,FALSE,cloudy,40.5,34.4,46.6
11,2,5.6,FALSE,sunny,14.6,12.4,16.8
48,7,5.3,TRUE,clear,23.2,19.7,26.7
1,6,3.53,FALSE,sunny,5.0,4.2,5.8
26,6,3.8,TRUE,rainy,22.5,19.1,25.9
11,9,4.59,FALSE,rainy,5.0,4.2,5.8
10,8,2.72,TRUE,clear,8.2,7.0,9.4
46,9,3.28,TRUE,cloudy,28.0,23.8,32.2
10,7,5.59,FALSE,sunny,5.0,4.2,5.8
2,9,4.42,FALSE,cloudy,5.0,4.2,5.8
25,7,2.99,FALSE,sunny,17.8,15.1,20.5
9,4,5.7,FALSE,sunny,5.9,5.0,6.8
42,7,4.35,TRUE,rainy,27.2,23.1,31.3
28,3,4.6,FALSE,cloudy,30.2,25.7,34.7
19,3,2.3,FALSE,stormy,44.8,38.1,51.5
24,5,5.94,TRUE,sunny,14.5,12.3,16.7
23,2,5.04,TRUE,stormy,44.7,38.0,51.4
23,7,4.3,FALSE,cloudy,11.4,9.7,13.1
8,1,3.09,TRUE,clear,45.1,38.3,51.9
44,7,2.79,TRUE,cloudy,40.3,34.3,46.3
45,2,3.59,TRUE,sunny,111.3,94.6,128.0
24,6,2.41,FALSE,clear,24.7,21.0,28.4
39,7,5.43,FALSE,cloudy,15.4,13.1,17.7
45,4,2.05,TRUE,clear,97.6,83.0,112.2
10,3,2.94,FALSE,sunny,16.8,14.3,19.3
41,9,2.41,FALSE,stormy,31.0,26.3,35.6
12,7,3.19,TRUE,stormy,10.6,9.0,12.2
31,10,3.55,FALSE,cloudy,13.1,11.1,15.1
25,8,2.9,TRUE,rainy,21.2,18.0,24.4
46,2,4.7,FALSE,rainy,79.9,67.9,91.9
20,2,2.54,FALSE,clear,57.9,49.2,66.6
39,2,5.22,FALSE,clear,55.5,47.2,63.8
2,1,3.63,FALSE,sunny,8.0,6.8,9.2
49,1,5.03,TRUE,rainy,120.0,102.0,138.0
30,6,2.9,FALSE,clear,25.7,21.8,29.6
40,3,4.2,TRUE,cloudy,56.7,48.2,65.2
40,2,5.64,TRUE,cloudy,63.3,53.8,72.8
27,3,5.6,FALSE,stormy,26.4,22.4,30.4
44,7,3.6,FALSE,sunny,26.1,22.2,30.0
45,2,4.64,TRUE,cloudy,86.4,73.4,99.4
42,3,2.69,FALSE,clear,77.1,65.5,88.7
19,7,4.07,TRUE,rainy,13.2,11.2,15.2
32,9,3.06,TRUE,cloudy,20.8,17.7,23.9
41,9,2.58,TRUE,cloudy,31.6,26.9,36.3
12,10,4.06,TRUE,rainy,5.8,4.9,6.7
36,9,4.14,FALSE,sunny,14.5,12.3,16.7
12,10,3.54,TRUE,cloudy,6.1,5.2,7.0
15,4,4.33,TRUE,rainy,17.0,14.4,19.5
21,6,5.27,FALSE,clear,9.9,8.4,11.4
40,7,3.37,TRUE,cloudy,30.4,25.8,35.0
7,5,2.57,FALSE,clear,8.1,6.9,9.3
13,1,3.94,FALSE,rainy,53.1,45.1,61.1
29,9,3.63,FALSE,rainy,14.6,12.4,16.8
9,7,4.26,TRUE,stormy,6.0,5.1,6.9
9,9,3.46,FALSE,rainy,5.0,4.2,5.8
47,1,5.06,FALSE,cloudy,120.0,102.0,138.0
26,2,5.15,FALSE,clear,37.5,31.9,43.1
44,1,5.78,FALSE,clear,112.2,95.4,129.0
29,8,4.16,TRUE,sunny,15.6,13.3,17.9
24,4,2.17,TRUE,rainy,54.1,46.0,62.2
11,6,2.36,FALSE,rainy,12.7,10.8,14.6
34,4,2.78,FALSE,stormy,50.0,42.5,57.5
43,6,2.81,TRUE,clear,45.6,38.8,52.4
14,7,4.46,TRUE,clear,8.0,6.8,9.2
3,6,2.84,TRUE,stormy,5.0,4.2,5.8
34,3,2.91,FALSE,stormy,63.5,54.0,73.0
36,8,2.17,FALSE,stormy,34.0,28.9,39.1
18,3,5.09,FALSE,cloudy,17.6,15.0,20.2
40,9,2.55,TRUE,rainy,34.4,29.2,39.6
26,9,3.87,FALSE,rainy,12.3,10.5,14.1
32,9,5.61,TRUE,clear,11.4,9.7,13.1
26,1,3.11,FALSE,rainy,120.0,102.0,138.0
5,4,4.65,FALSE,rainy,5.0,4.2,5.8
29,6,3.72,FALSE,stormy,21.3,18.1,24.5
7,7,2.21,TRUE,rainy,8.9,7.6,10.2
27,2,2.65,TRUE,sunny,90.0,76.5,103.5
24,8,2.64,TRUE,clear,20.4,17.3,23.5
10,4,5.02,FALSE,clear,7.4,6.3,8.5
9,4,4.92,TRUE,stormy,9.0,7.6,10.3
25,10,2.38,FALSE,sunny,15.7,13.3,18.1
36,7,3.75,TRUE,stormy,27.1,23.0,31.2
10,3,4.03,TRUE,clear,14.8,12.6,17.0
24,5,4.42,TRUE,cloudy,19.5,16.6,22.4
26,3,4.11,FALSE,sunny,31.4,26.7,36.1
8,7,2.8,FALSE,sunny,6.1,5.2,7.0
35,9,3.43,FALSE,sunny,17.0,14.4,19.5
17,5,2.38,TRUE,stormy,28.1,23.9,32.3
27,4,5.05,FALSE,sunny,20.0,17.0,23.0
18,9,5.36,FALSE,rainy,6.1,5.2,7.0
15,1,5.87,TRUE,cloudy,45.2,38.4,52.0
24,3,4.44,FALSE,sunny,26.8,22.8,30.8
49,4,2.24,TRUE,cloudy,97.4,82.8,112.0
23,5,5.28,FALSE,clear,13.0,11.0,14.9
13,9,2.86,TRUE,rainy,10.0,8.5,11.5
42,8,4.53,FALSE,sunny,17.3,14.7,19.9
43,7,4.82,FALSE,rainy,21.0,17.8,24.1
15,9,5.28,TRUE,cloudy,5.7,4.8,6.6
28,1,2.8,FALSE,sunny,120.0,102.0,138.0
4,10,2.18,TRUE,cloudy,5.0,4.2,5.8
36,3,5.53,FALSE,sunny,32.4,27.5,37.3
43,9,4.02,FALSE,rainy,19.6,16.7,22.5
25,4,3.58,TRUE,sunny,31.2,26.5,35.9
42,9,4.82,FALSE,clear,14.5,12.3,16.7
13,5,5.67,FALSE,stormy,7.5,6.4,8.6
35,8,5.54,TRUE,cloudy,14.2,12.1,16.3
44,8,4.43,TRUE,clear,22.3,19.0,25.6
10,10,4.41,FALSE,stormy,5.0,4.2,5.8
26,8,2.88,TRUE,stormy,22.2,18.9,25.5
8,3,3.25,FALSE,cloudy,12.2,10.4,14.0
29,3,3.67,TRUE,stormy,51.7,43.9,59.5
39,9,5.21,FALSE,stormy,13.7,11.6,15.8
5,3,4.65,FALSE,clear,5.3,4.5,6.1
32,6,3.22,TRUE,rainy,32.6,27.7,37.5
37,9,3.56,FALSE,sunny,17.3,14.7,19.9
32,2,3.33,TRUE,clear,85.2,72.4,98.0
16,2,5.45,FALSE,stormy,24.0,20.4,27.6
7,1,4.17,FALSE,stormy,27.0,22.9,31.0
22,4,4.28,FALSE,sunny,19.2,16.3,22.1
16,1,4.44,TRUE,cloudy,63.4,53.9,72.9
48,3,2.43,TRUE,sunny,116.9,99.4,134.4
41,10,4.82,FALSE,cloudy,12.7,10.8,14.6
0,1,4.67,FALSE,cloudy,5.0,4.2,5.8
37,6,4.88,FALSE,rainy,20.8,17.7,23.9
0,3,2.8,TRUE,stormy,5.0,4.2,5.8
3,3,2.34,FALSE,cloudy,6.3,5.4,7.2
31,8,2.93,TRUE,cloudy,23.7,20.1,27.3
38,7,5.17,FALSE,stormy,17.3,14.7,19.9
30,10,4.45,FALSE,stormy,11.1,9.4,12.8
12,9,5.75,TRUE,clear,5.0,4.2,5.8
18,9,5.7,TRUE,cloudy,6.3,5.4,7.2
19,3,3.13,FALSE,stormy,33.0,28.1,37.9
0,5,4.45,TRUE,stormy,5.0,4.2,5.8
10,10,5.13,FALSE,stormy,5.0,4.2,5.8
18,3,4.62,TRUE,rainy,25.5,21.7,29.3
19,6,2.45,TRUE,cloudy,23.1,19.6,26.6
35,8,3.48,FALSE,sunny,18.8,16.0,21.6
31,6,5.54,FALSE,rainy,15.3,13.0,17.6
44,7,3.91,TRUE,rainy,31.7,26.9,36.5
36,10,2.52,TRUE,sunny,25.6,21.8,29.4
13,6,5.58,TRUE,cloudy,7.0,6.0,8.0
45,3,3.54,TRUE,stormy,83.1,70.6,95.6
44,5,5.91,TRUE,rainy,29.4,25.0,33.8
39,4,5.58,TRUE,rainy,34.4,29.2,39.6
19,4,4.78,TRUE,cloudy,17.8,15.1,20.5
25,10,5.15,FALSE,cloudy,7.3,6.2,8.4
29,8,5.85,FALSE,cloudy,9.3,7.9,10.7
15,1,2.56,FALSE,sunny,84.6,71.9,97.3
14,10,3.47,FALSE,sunny,6.0,5.1,6.9
41,1,2.93,TRUE,clear,120.0,102.0,138.0
25,6,2.74,TRUE,clear,27.2,23.1,31.3
12,7,4.24,FALSE,sunny,6.0,5.1,6.9
22,8,5.98,FALSE,sunny,6.9,5.9,7.9
1,6,3.6,FALSE,sunny,5.0,4.2,5.8
40,3,5.0,FALSE,clear,39.7,33.7,45.7
39,3,5.16,TRUE,sunny,45.1,38.3,51.9
50,10,5.74,TRUE,sunny,15.7,13.3,18.1
18,6,5.62,TRUE,stormy,10.5,8.9,12.1
48,3,2.55,FALSE,rainy,102.2,86.9,117.5
13,2,4.37,TRUE,rainy,29.1,24.7,33.5
0,1,2.21,TRUE,sunny,5.0,4.2,5.8
20,7,2.57,FALSE,sunny,16.6,14.1,19.1
21,1,2.35,TRUE,rainy,120.0,102.0,138.0
31,1,5.36,TRUE,rainy,112.4,95.5,129.3
46,9,5.85,FALSE,stormy,14.4,12.2,16.6
42,5,2.58,FALSE,sunny,48.5,41.2,55.8
32,9,3.28,FALSE,stormy,17.8,15.1,20.5
32,7,4.7,TRUE,rainy,19.2,16.3,22.1
41,6,3.86,FALSE,rainy,29.1,24.7,33.5
44,6,3.02,FALSE,rainy,39.8,33.8,45.8
20,9,2.14,TRUE,sunny,18.6,15.8,21.4
0,1,4.26,TRUE,sunny,5.0,4.2,5.8
40,8,5.38,TRUE,clear,16.7,14.2,19.2
3,9,3.21,FALSE,sunny,5.0,4.2,5.8
35,2,5.46,TRUE,stormy,62.9,53.5,72.3
11,5,5.13,TRUE,sunny,7.7,6.5,8.9
46,6,3.01,FALSE,cloudy,38.0,32.3,43.7
15,2,2.52,TRUE,clear,52.5,44.6,60.4
38,8,4.21,TRUE,stormy,22.3,19.0,25.6
39,3,4.14,TRUE,stormy,61.7,52.4,71.0
26,2,2.68,TRUE,stormy,94.3,80.2,108.4
41,5,5.31,TRUE,cloudy,27.7,23.5,31.9
38,6,4.75,TRUE,stormy,26.3,22.4,30.2
21,2,3.37,FALSE,rainy,50.7,43.1,58.3
16,6,3.08,TRUE,cloudy,15.5,13.2,17.8
7,3,5.07,FALSE,sunny,6.9,5.9,7.9
31,8,2.56,FALSE,sunny,22.6,19.2,26.0
6,8,4.12,TRUE,rainy,5.0,4.2,5.8
28,6,2.43,FALSE,sunny,28.6,24.3,32.9
18,4,3.77,FALSE,rainy,19.6,16.7,22.5
37,10,2.18,TRUE,sunny,30.4,25.8,35.0
2,4,4.92,FALSE,clear,5.0,4.2,5.8
1,4,3.64,FALSE,cloudy,5.0,4.2,5.8
39,10,2.14,TRUE,sunny,32.7,27.8,37.6
28,8,4.06,FALSE,clear,12.9,11.0,14.8
11,9,5.54,TRUE,clear,5.0,4.2,5.8
10,9,4.1,TRUE,sunny,5.0,4.2,5.8
4,8,2.44,TRUE,stormy,5.0,4.2,5.8
46,9,3.17,TRUE,stormy,31.8,27.0,36.6
0,2,4.62,FALSE,clear,5.0,4.2,5.8
23,7,4.4,FALSE,clear,11.2,9.5,12.9
20,3,4.95,FALSE,cloudy,20.1,17.1,23.1
15,6,5.49,FALSE,sunny,6.8,5.8,7.8
49,10,4.85,FALSE,sunny,15.1,12.8,17.4
24,10,4.93,FALSE,cloudy,7.3,6.2,8.4
35,3,5.9,TRUE,cloudy,35.4,30.1,40.7
35,3,2.04,TRUE,clear,101.3,86.1,116.5
20,9,4.67,TRUE,stormy,9.4,8.0,10.8
29,7,3.75,FALSE,stormy,18.2,15.5,20.9
11,5,3.67,TRUE,rainy,11.8,10.0,13.6
5,4,2.93,TRUE,clear,7.6,6.5,8.7
30,4,4.1,TRUE,stormy,36.0,30.6,41.4
35,5,4.45,FALSE,rainy,25.8,21.9,29.7
17,5,5.19,FALSE,clear,9.8,8.3,11.3
22,8,2.89,FALSE,rainy,15.6,13.3,17.9
21,4,3.37,FALSE,sunny,23.2,19.7,26.7
1,3,4.4,FALSE,cloudy,5.0,4.2,5.8
0,3,2.93,TRUE,cloudy,5.0,4.2,5.8
37,4,5.32,TRUE,clear,31.2,26.5,35.9
20,8,3.86,TRUE,stormy,12.8,10.9,14.7
27,6,4.29,TRUE,rainy,20.7,17.6,23.8
5,3,5.66,FALSE,clear,5.0,4.2,5.8
13,4,5.19,FALSE,sunny,9.3,7.9,10.7
19,1,5.63,TRUE,sunny,59.7,50.7,68.7
46,6,5.52,FALSE,cloudy,20.8,17.7,23.9
5,5,5.87,TRUE,cloudy,5.0,4.2,5.8
33,2,5.58,FALSE,stormy,48.4,41.1,55.7
23,8,4.9,FALSE,rainy,9.7,8.2,11.2
14,9,4.69,TRUE,sunny,6.0,5.1,6.9
35,9,2.96,TRUE,sunny,23.6,20.1,27.1
15,8,3.38,FALSE,clear,8.3,7.1,9.5
26,3,2.82,FALSE,rainy,50.1,42.6,57.6
9,3,2.92,FALSE,rainy,16.8,14.3,19.3
50,10,5.21,FALSE,sunny,14.4,12.2,16.6
39,2,5.72,TRUE,sunny,60.8,51.7,69.9
1,3,3.33,TRUE,cloudy,5.0,4.2,5.8
22,1,3.18,TRUE,clear,120.0,102.0,138.0
22,6,3.17,TRUE,rainy,22.8,19.4,26.2
11,4,2.74,TRUE,sunny,17.9,15.2,20.6
41,1,3.91,TRUE,clear,120.0,102.0,138.0
10,5,3.9,TRUE,cloudy,9.2,7.8,10.6
15,5,4.38,TRUE,sunny,12.3,10.5,14.1
49,6,4.68,FALSE,rainy,28.7,24.4,33.0
29,8,5.47,TRUE,stormy,13.1,11.1,15.1
28,7,3.66,TRUE,sunny,19.6,16.7,22.5
47,4,2.62,TRUE,rainy,88.0,74.8,101.2
6,4,3.24,TRUE,cloudy,8.3,7.1,9.5
10,10,3.83,TRUE,stormy,5.2,4.4,6.0
40,10,4.59,TRUE,clear,15.7,13.3,18.1
37,8,5.73,TRUE,rainy,15.9,13.5,18.3
11,7,3.12,FALSE,stormy,8.3,7.1,9.5
17,9,2.54,FALSE,clear,11.1,9.4,12.8
36,7,5.34,FALSE,cloudy,14.4,12.2,16.6
15,7,3.05,TRUE,cloudy,12.6,10.7,14.5
28,3,5.22,TRUE,stormy,35.2,29.9,40.5
42,10,4.89,FALSE,cloudy,12.9,11.0,14.8
31,10,5.39,FALSE,cloudy,8.6,7.3,9.9
49,4,5.06,TRUE,clear,43.4,36.9,49.9
50,1,5.84,TRUE,cloudy,120.0,102.0,138.0
43,1,4.85,TRUE,stormy,120.0,102.0,138.0
